{"stats":{"minecraft:mined":{"minecraft:sunflower":4,"minecraft:dark_oak_leaves":1,"minecraft:dark_oak_log":2,"minecraft:dark_oak_stairs":1},"minecraft:killed":{"minecraft:pillager":7,"minecraft:zombie":14},"minecraft:picked_up":{"minecraft:azure_bluet":3,"minecraft:dark_oak_log":2,"minecraft:dark_oak_stairs":1,"minecraft:sunflower":91},"minecraft:used":{"minecraft:dark_oak_stairs":1,"minecraft:golden_sword":22,"minecraft:sunflower":50,"minecraft:polished_andesite":1,"minecraft:andesite":1,"minecraft:spruce_planks":49,"minecraft:dark_oak_slab":17,"minecraft:azure_bluet":2},"minecraft:custom":{"minecraft:open_barrel":7,"minecraft:time_since_rest":37202,"minecraft:interact_with_smithing_table":3,"minecraft:crouch_one_cm":549,"minecraft:play_time":37202,"minecraft:sprint_one_cm":43905,"minecraft:damage_taken":244,"minecraft:walk_one_cm":56516,"minecraft:sneak_time":373,"minecraft:mob_kills":21,"minecraft:jump":181,"minecraft:damage_dealt":2511,"minecraft:interact_with_blast_furnace":6,"minecraft:leave_game":4,"minecraft:time_since_death":37202,"minecraft:interact_with_smoker":3,"minecraft:total_world_time":37202,"minecraft:talked_to_villager":20,"minecraft:fall_one_cm":2582,"minecraft:fly_one_cm":82744}},"DataVersion":3465}