{"stats":{"minecraft:used":{"minecraft:dark_oak_stairs":1,"minecraft:polished_andesite":1},"minecraft:custom":{"minecraft:open_barrel":7,"minecraft:time_since_rest":19851,"minecraft:interact_with_smithing_table":3,"minecraft:crouch_one_cm":40,"minecraft:play_time":19851,"minecraft:sprint_one_cm":14488,"minecraft:damage_taken":50,"minecraft:walk_one_cm":15111,"minecraft:sneak_time":249,"minecraft:jump":86,"minecraft:interact_with_blast_furnace":6,"minecraft:leave_game":1,"minecraft:time_since_death":19851,"minecraft:total_world_time":19851,"minecraft:interact_with_smoker":3,"minecraft:talked_to_villager":17,"minecraft:fall_one_cm":2038,"minecraft:fly_one_cm":49913},"minecraft:mined":{"minecraft:dark_oak_leaves":1,"minecraft:dark_oak_log":2,"minecraft:dark_oak_stairs":1},"minecraft:picked_up":{"minecraft:dark_oak_log":2,"minecraft:dark_oak_stairs":1}},"DataVersion":3465}