{"stats":{"minecraft:mined":{"minecraft:sunflower":4,"minecraft:dark_oak_leaves":1,"minecraft:dark_oak_log":2,"minecraft:dark_oak_stairs":1},"minecraft:killed":{"minecraft:pillager":7,"minecraft:zombie":14},"minecraft:picked_up":{"minecraft:azure_bluet":2,"minecraft:dark_oak_log":2,"minecraft:dark_oak_stairs":1,"minecraft:sunflower":83},"minecraft:used":{"minecraft:dark_oak_stairs":1,"minecraft:golden_sword":22,"minecraft:sunflower":15,"minecraft:polished_andesite":1,"minecraft:azure_bluet":2},"minecraft:custom":{"minecraft:open_barrel":7,"minecraft:time_since_rest":28347,"minecraft:interact_with_smithing_table":3,"minecraft:crouch_one_cm":40,"minecraft:play_time":28347,"minecraft:sprint_one_cm":34545,"minecraft:damage_taken":244,"minecraft:walk_one_cm":34129,"minecraft:sneak_time":249,"minecraft:mob_kills":21,"minecraft:jump":141,"minecraft:damage_dealt":2511,"minecraft:interact_with_blast_furnace":6,"minecraft:leave_game":2,"minecraft:time_since_death":28347,"minecraft:interact_with_smoker":3,"minecraft:total_world_time":28347,"minecraft:talked_to_villager":18,"minecraft:fall_one_cm":2582,"minecraft:fly_one_cm":62218}},"DataVersion":3465}